nama,ipk,pkt,prest,ao,jk,prodi,thn,status
H. Sari,3.65,1,0,1,P,TI,2018,0
A. Sari,3.82,3,0,0,P,TI,2018,1
JAN Purba,3.75,1,0,1,L,TI,2018,1
MD Lubis,3.74,1,0,0,P,TI,2018,1
P. Tanjung,3.67,1,0,0,P,MI,2018,0
J. Saputra,3.63,1,0,0,L,MI,2018,0
D. Iqbal,3.62,1,1,1,L,TI,2018,1
SR Purba,3.79,1,1,1,P,TI,2018,1
MS Margolang,3.47,5,1,1,P,MI,2018,1
IW Sinaga,3.73,4,1,1,L,TI,2018,1
RO Finola,3.51,2,1,1,P,TI,2018,1
HC Putra,3.7,2,1,1,L,TI,2018,1
A. Safitra,3.28,2,1,1,L,TI,2018,1
AA Pramadi,3.66,1,1,1,L,TI,2018,1
SY Hutagalung,3.53,1,1,1,L,TI,2018,1
J. Tarigan,3.53,6,1,1,P,TI,2018,1
A. Malik,3.36,1,0,0,L,TI,2018,0
I. Maulana,3.31,1,0,0,L,TI,2018,0
RAG Manurung,3.00,1,0,0,L,TI,2018,0
EDY Sitepu,3.94,2,0,1,P,TI,2019,1
AN Apriliani,4.00,2,0,1,P,TI,2019,1
IJT Situmeang,3.55,1,0,1,L,TI,2019,0
TN Sari,3.75,2,0,0,P,TI,2019,1
MM Harahap,3.38,1,1,0,L,TI,2019,1
ES Sipayung,3.77,2,1,1,P,TI,2019,1
SS Hutauruk,3.40,1,1,1,L,TI,2019,1
Ey Wita,3.46,7,0,0,P,TI,2019,0
F. Aziz,3.50,7,0,0,L,TI,2019,0
M. Zalukhu,3.61,1,0,0,P,TI,2019,0
Fr Tampubolon,3.64,7,1,0,L,TI,2019,1
LN Habibah,3.62,2,0,0,P,TI,2019,0
SM Harahap,3.94,1,0,1,L,TI,2019,1
AL Rajagukguk,3.84,7,0,1,P,TI,2019,1
I. Susilawati,3.81,2,0,1,P,TI,2019,1
PS Hasmita,3.65,1,0,1,P,TI,2018,0
