SM Harahap,4.00,Petani,0,1,P,TI,2018,1
RS Nasution,4.00,Petani,1,1,L,TI,2018,1
F. Telaumbanua,3.86,Petani,0,0,L,TI,2018,1
L. Sarumaha,3.69,Wiraswasta,0,0,L,TI,2018,0
I. Solin,3.67,Petani,0,0,P,TI,2018,0
H. Sari,3.65,Petani,0,1,P,TI,2018,0
A. Sari,3.82,Ibu Rumah Tangga,0,0,P,TI,2018,1
JAN Purba,3.75,Petani,0,1,L,TI,2018,1
MD Lubis,3.74,Petani,0,0,P,TI,2018,1
P. Tanjung,3.67,Petani,0,0,P,MI,2018,0
J. Saputra,3.63,Petani,0,0,L,MI,2018,0
D. Iqbal,3.62,Petani,1,1,L,TI,2018,1
SR Purba,3.79,Petani,1,1,P,TI,2018,1
MS Margolang,3.47,Polisi,1,1,P,MI,2018,1
IW Sinaga,3.73,Pegawai Swasta,1,1,L,TI,2018,1
RO Finola,3.51,Wiraswasta,1,1,P,TI,2018,1
HC Putra,3.7,Wiraswasta,1,1,L,TI,2018,1
A. Safitra,3.28,Wiraswasta,1,1,L,TI,2018,1
AA Pramadi,3.66,Petani,1,1,L,TI,2018,1
SY Hutagalung,3.53,Petani,1,1,L,TI,2018,1
J. Tarigan,3.53,PNS,1,1,P,TI,2018,1
A. Malik,3.36,Petani,0,0,L,TI,2018,0
I. Maulana,3.31,Petani,0,0,L,TI,2018,0
RAG Manurung,3.00,Petani,0,0,L,TI,2018,0
I. Lesmana,3.26,Petani,0,0,L,TI,2018,0
L. Anggriani,3.25,Petani,0,0,P,TI,2018,0
W. Jannah,3.92,Petani,0,0,P,MI,2019,0
F. Utari,3.93,Petani,0,0,P,MI,2019,1
SR Rahayu,3.85,Petani,0,0,P,MI,2019,1
S. Harahap,3.83,Wiraswasta,0,0,L,TI,2019,1
NH. Purba,3.19,Wiraswasta,0,0,L,TI,2019,0
WHB Lumbanbatu,4.00,Lainnya,0,1,L,TI,2019,1
S. Hummairoh,3.83,Wiraswasta,0,1,P,TI,2019,1
A. Tanjung,3.75,Wiraswasta,0,1,L,TI,2019,1
EDY Sitepu,3.94,Wiraswasta,0,1,P,TI,2019,1
AN Apriliani,4.00,Wiraswasta,0,1,P,TI,2019,1
IJT Situmeang,3.55,Petani,0,1,L,TI,2019,0
TN Sari,3.75,Pegawai Swasta,0,0,P,TI,2019,1
MM Harahap,3.38,Petani,1,0,L,TI,2019,1
ES Sipayung,3.77,Wiraswasta,1,1,P,TI,2019,1
SS Hutauruk,3.40,Petani,1,1,L,TI,2019,1
Ey Wita,3.46,Lainnya,0,0,P,TI,2019,0
F. Aziz,3.50,Lainnya,0,0,L,TI,2019,0
M. Zalukhu,3.61,Petani,0,0,P,TI,2019,0
Fr Tampubolon,3.64,Lainnya,1,0,L,TI,2019,1
LN Habibah,3.62,Wiraswasta,0,0,P,TI,2019,0
SM Harahap,3.94,Petani,0,1,L,TI,2019,1
AL Rajagukguk,3.84,Lainnya,0,1,P,TI,2019,1
I. Susilawati,3.81,Wiraswasta,0,1,P,TI,2019,1
M. Ndruru,2.99,,1,0,L,TI,2019,0
TG Tampubolon,2.00,,0,0,,TI,2019,0
PS Hasmita,3.65,Petani,0,1,P,TI,2018,0
