nama,ipk,pkt,prest,ao,jk,prodi,thn,status
SM Harahap,4.00,Petani,0,1,P,TI,2018,1
RS Nasution,4.00,Petani,1,1,L,TI,2018,1
F. Telaumbanua,3.86,Petani,0,0,L,TI,2018,1
L. Sarumaha,3.69,Wiraswasta,0,0,L,TI,2018,0
I. Solin,3.67,Petani,0,0,P,TI,2018,0
H. Sari,3.65,Petani,0,1,P,TI,2018,0
A. Sari,3.82,Ibu Rumah Tangga,0,0,P,TI,2018,1
JAN Purba,3.75,Petani,0,1,L,TI,2018,1
MD Lubis,3.74,Petani,0,0,P,TI,2018,1
P. Tanjung,3.67,Petani,0,0,P,MI,2018,0
J. Saputra,3.63,Petani,0,0,L,MI,2018,0
D. Iqbal,3.62,Petani,1,1,L,TI,2018,1
SR Purba,3.79,Petani,1,1,P,TI,2018,1
MS Margolang,3.47,Polisi,1,1,P,MI,2018,1
IW Sinaga,3.73,Pegawai Swasta,1,1,L,TI,2018,1
RO Finola,3.51,Wiraswasta,1,1,P,TI,2018,1
HC Putra,3.7,Wiraswasta,1,1,L,TI,2018,1
A. Safitra,3.28,Wiraswasta,1,1,L,TI,2018,1
AA Pramadi,3.66,Petani,1,1,L,TI,2018,1
SY Hutagalung,3.53,Petani,1,1,L,TI,2018,1
J. Tarigan,3.53,PNS,1,1,P,TI,2018,1
A. Malik,3.36,Petani,0,0,L,TI,2018,0
I. Maulana,3.31,Petani,0,0,L,TI,2018,0
RAG Manurung,3.00,Petani,0,0,L,TI,2018,0
I. Lesmana,3.26,Petani,0,0,L,TI,2018,0
L. Anggriani,3.25,Petani,0,0,P,TI,2018,0
